user_id,item_id,action,ts
u018,i069,VIEWED,1700000000000
u018,i069,ADDED_TO_CART,1700000060000
u029,i075,VIEWED,1700000120000
u029,i075,ADDED_TO_CART,1700000180000
u029,i075,PURCHASED,1700000240000
u005,i066,VIEWED,1700000300000
u005,i066,ADDED_TO_CART,1700000360000
u028,i015,VIEWED,1700000420000
u028,i015,ADDED_TO_CART,1700000480000
u028,i015,PURCHASED,1700000540000
u022,i055,VIEWED,1700000600000
u022,i055,ADDED_TO_CART,1700000660000
u022,i055,PURCHASED,1700000720000
u020,i060,VIEWED,1700000780000
u020,i060,ADDED_TO_CART,1700000840000
u028,i002,VIEWED,1700000900000
u004,i069,VIEWED,1700001020000
u025,i044,VIEWED,1700001140000
u025,i044,ADDED_TO_CART,1700001200000
u025,i044,PURCHASED,1700001260000
u015,i001,VIEWED,1700001320000
u029,i034,VIEWED,1700001440000
u025,i023,VIEWED,1700001560000
u025,i023,ADDED_TO_CART,1700001620000
u025,i023,PURCHASED,1700001680000
u021,i039,VIEWED,1700001740000
u017,i078,VIEWED,1700001860000
u017,i078,ADDED_TO_CART,1700001920000
u017,i078,PURCHASED,1700001980000
u006,i070,VIEWED,1700002040000
u030,i068,VIEWED,1700002160000
u020,i042,VIEWED,1700002280000
u020,i042,ADDED_TO_CART,1700002340000
u020,i042,PURCHASED,1700002400000
u012,i040,VIEWED,1700002460000
u012,i040,ADDED_TO_CART,1700002520000
u012,i040,PURCHASED,1700002580000
u019,i011,VIEWED,1700002640000
u019,i011,ADDED_TO_CART,1700002700000
u019,i011,PURCHASED,1700002760000
u003,i069,VIEWED,1700002820000
u005,i061,VIEWED,1700002940000
u006,i034,VIEWED,1700003060000
u006,i034,ADDED_TO_CART,1700003120000
u007,i070,VIEWED,1700003180000
u023,i026,VIEWED,1700003300000
u013,i048,VIEWED,1700003420000
u013,i048,ADDED_TO_CART,1700003480000
u004,i032,VIEWED,1700003540000
u004,i032,ADDED_TO_CART,1700003600000
u004,i032,PURCHASED,1700003660000
u019,i071,VIEWED,1700003720000
u019,i071,ADDED_TO_CART,1700003780000
u019,i071,PURCHASED,1700003840000
u003,i008,VIEWED,1700003900000
u003,i008,ADDED_TO_CART,1700003960000
u028,i043,VIEWED,1700004020000
u028,i043,ADDED_TO_CART,1700004080000
u028,i043,PURCHASED,1700004140000
u022,i063,VIEWED,1700004200000
u022,i063,ADDED_TO_CART,1700004260000
u022,i063,PURCHASED,1700004320000
u030,i074,VIEWED,1700004380000
u030,i074,ADDED_TO_CART,1700004440000
u030,i074,PURCHASED,1700004500000
u016,i053,VIEWED,1700004560000
u016,i053,ADDED_TO_CART,1700004620000
u016,i053,PURCHASED,1700004680000
u014,i046,VIEWED,1700004740000
u014,i046,ADDED_TO_CART,1700004800000
u014,i046,PURCHASED,1700004860000
u024,i007,VIEWED,1700004920000
u021,i013,VIEWED,1700005040000
u021,i013,ADDED_TO_CART,1700005100000
u026,i014,VIEWED,1700005160000
u026,i014,ADDED_TO_CART,1700005220000
u026,i014,PURCHASED,1700005280000
u015,i018,VIEWED,1700005340000
u015,i018,ADDED_TO_CART,1700005400000
u015,i018,PURCHASED,1700005460000
u008,i010,VIEWED,1700005520000
u008,i010,ADDED_TO_CART,1700005580000
u018,i013,VIEWED,1700005640000
u018,i013,ADDED_TO_CART,1700005700000
u027,i002,VIEWED,1700005760000
u030,i031,VIEWED,1700005880000
u030,i031,ADDED_TO_CART,1700005940000
u030,i031,PURCHASED,1700006000000
u007,i052,VIEWED,1700006060000
u006,i049,VIEWED,1700006180000
u006,i049,ADDED_TO_CART,1700006240000
u006,i049,PURCHASED,1700006300000
u030,i059,VIEWED,1700006360000
u030,i059,ADDED_TO_CART,1700006420000
u024,i072,VIEWED,1700006480000
u016,i020,VIEWED,1700006600000
u016,i020,ADDED_TO_CART,1700006660000
u016,i020,PURCHASED,1700006720000
u002,i075,VIEWED,1700006780000
u002,i041,VIEWED,1700006900000
u002,i041,ADDED_TO_CART,1700006960000
u017,i068,VIEWED,1700007020000
u017,i068,ADDED_TO_CART,1700007080000
u003,i024,VIEWED,1700007140000
u003,i024,ADDED_TO_CART,1700007200000
u003,i024,PURCHASED,1700007260000
u028,i031,VIEWED,1700007320000
u028,i031,ADDED_TO_CART,1700007380000
u019,i032,VIEWED,1700007440000
u019,i032,ADDED_TO_CART,1700007500000
u019,i032,PURCHASED,1700007560000
u003,i054,VIEWED,1700007620000
u019,i067,VIEWED,1700007740000
u019,i067,ADDED_TO_CART,1700007800000
u019,i067,PURCHASED,1700007860000
u022,i041,VIEWED,1700007920000
u022,i041,ADDED_TO_CART,1700007980000
u022,i041,PURCHASED,1700008040000
u022,i039,VIEWED,1700008100000
u022,i039,ADDED_TO_CART,1700008160000
u030,i010,VIEWED,1700008220000
u030,i010,ADDED_TO_CART,1700008280000
u019,i013,VIEWED,1700008340000
u019,i013,ADDED_TO_CART,1700008400000
u019,i013,PURCHASED,1700008460000
u009,i017,VIEWED,1700008520000
u029,i009,VIEWED,1700008640000
u012,i037,VIEWED,1700008760000
u012,i037,ADDED_TO_CART,1700008820000
u023,i039,VIEWED,1700008880000
u026,i068,VIEWED,1700009000000
u026,i068,ADDED_TO_CART,1700009060000
u010,i014,VIEWED,1700009120000
u005,i034,VIEWED,1700009240000
u005,i034,ADDED_TO_CART,1700009300000
u005,i034,PURCHASED,1700009360000
u018,i020,VIEWED,1700009420000
u018,i020,ADDED_TO_CART,1700009480000
u023,i044,VIEWED,1700009540000
u023,i044,ADDED_TO_CART,1700009600000
u009,i065,VIEWED,1700009660000
u009,i065,ADDED_TO_CART,1700009720000
u028,i007,VIEWED,1700009780000
u028,i007,ADDED_TO_CART,1700009840000
u028,i007,PURCHASED,1700009900000
u009,i006,VIEWED,1700009960000
u009,i006,ADDED_TO_CART,1700010020000
u021,i034,VIEWED,1700010080000
u021,i034,ADDED_TO_CART,1700010140000
u021,i034,PURCHASED,1700010200000
u023,i055,VIEWED,1700010260000
u023,i055,ADDED_TO_CART,1700010320000
u023,i055,PURCHASED,1700010380000
u029,i020,VIEWED,1700010440000
u029,i020,ADDED_TO_CART,1700010500000
u019,i071,VIEWED,1700010560000
u019,i071,ADDED_TO_CART,1700010620000
u019,i071,PURCHASED,1700010680000
u010,i047,VIEWED,1700010740000
u026,i006,VIEWED,1700010860000
u007,i032,VIEWED,1700010980000
u012,i072,VIEWED,1700011100000
u014,i080,VIEWED,1700011220000
u030,i031,VIEWED,1700011340000
u026,i023,VIEWED,1700011460000
u001,i023,VIEWED,1700011580000
u011,i053,VIEWED,1700011700000
u028,i032,VIEWED,1700011820000
u028,i032,ADDED_TO_CART,1700011880000
u004,i049,VIEWED,1700011940000
u028,i061,VIEWED,1700012060000
u028,i061,ADDED_TO_CART,1700012120000
u015,i045,VIEWED,1700012180000
u015,i045,ADDED_TO_CART,1700012240000
u008,i029,VIEWED,1700012300000
u008,i029,ADDED_TO_CART,1700012360000
u008,i029,PURCHASED,1700012420000
u011,i036,VIEWED,1700012480000
u025,i036,VIEWED,1700012600000
u025,i036,ADDED_TO_CART,1700012660000
u022,i069,VIEWED,1700012720000
u022,i069,ADDED_TO_CART,1700012780000
u022,i069,PURCHASED,1700012840000
u029,i034,VIEWED,1700012900000
u029,i034,ADDED_TO_CART,1700012960000
u009,i005,VIEWED,1700013020000
u009,i005,ADDED_TO_CART,1700013080000
u009,i005,PURCHASED,1700013140000
u024,i041,VIEWED,1700013200000
u024,i041,ADDED_TO_CART,1700013260000
u004,i050,VIEWED,1700013320000
u007,i033,VIEWED,1700013440000
u007,i033,ADDED_TO_CART,1700013500000
u007,i033,PURCHASED,1700013560000
u017,i069,VIEWED,1700013620000
u024,i026,VIEWED,1700013740000
u024,i026,ADDED_TO_CART,1700013800000
u024,i026,PURCHASED,1700013860000
u022,i043,VIEWED,1700013920000
u022,i016,VIEWED,1700014040000
u010,i065,VIEWED,1700014160000
u010,i065,ADDED_TO_CART,1700014220000
u010,i065,PURCHASED,1700014280000
u013,i038,VIEWED,1700014340000
u013,i038,ADDED_TO_CART,1700014400000
u013,i038,PURCHASED,1700014460000
u022,i049,VIEWED,1700014520000
u029,i023,VIEWED,1700014640000
u010,i052,VIEWED,1700014760000
u010,i052,ADDED_TO_CART,1700014820000
u010,i052,PURCHASED,1700014880000
u010,i027,VIEWED,1700014940000
u010,i027,ADDED_TO_CART,1700015000000
u021,i042,VIEWED,1700015060000
u021,i042,ADDED_TO_CART,1700015120000
u021,i042,PURCHASED,1700015180000
u007,i066,VIEWED,1700015240000
u007,i066,ADDED_TO_CART,1700015300000
u026,i022,VIEWED,1700015360000
u010,i066,VIEWED,1700015480000
u020,i043,VIEWED,1700015600000
u020,i043,ADDED_TO_CART,1700015660000
u008,i040,VIEWED,1700015720000
u008,i040,ADDED_TO_CART,1700015780000
u008,i040,PURCHASED,1700015840000
u001,i006,VIEWED,1700015900000
u001,i006,ADDED_TO_CART,1700015960000
u001,i006,PURCHASED,1700016020000
u028,i010,VIEWED,1700016080000
u028,i010,ADDED_TO_CART,1700016140000
u019,i025,VIEWED,1700016200000
u013,i064,VIEWED,1700016320000
u013,i064,ADDED_TO_CART,1700016380000
u013,i064,PURCHASED,1700016440000
u023,i001,VIEWED,1700016500000
u028,i014,VIEWED,1700016620000
u008,i023,VIEWED,1700016740000
u023,i067,VIEWED,1700016860000
u023,i067,ADDED_TO_CART,1700016920000
u030,i016,VIEWED,1700016980000
u030,i016,ADDED_TO_CART,1700017040000
u022,i068,VIEWED,1700017100000
u020,i041,VIEWED,1700017220000
u029,i057,VIEWED,1700017340000
u024,i065,VIEWED,1700017460000
u024,i065,ADDED_TO_CART,1700017520000
u015,i021,VIEWED,1700017580000
u016,i058,VIEWED,1700017700000
u016,i058,ADDED_TO_CART,1700017760000
u016,i058,PURCHASED,1700017820000
u021,i036,VIEWED,1700017880000
u017,i063,VIEWED,1700018000000
u009,i057,VIEWED,1700018120000
u009,i057,ADDED_TO_CART,1700018180000
u009,i057,PURCHASED,1700018240000
u009,i043,VIEWED,1700018300000
u009,i043,ADDED_TO_CART,1700018360000
u005,i020,VIEWED,1700018420000
u005,i020,ADDED_TO_CART,1700018480000
u023,i028,VIEWED,1700018540000
u023,i028,ADDED_TO_CART,1700018600000
u023,i028,PURCHASED,1700018660000
u018,i060,VIEWED,1700018720000
u018,i060,ADDED_TO_CART,1700018780000
u018,i060,PURCHASED,1700018840000
u014,i050,VIEWED,1700018900000
u019,i003,VIEWED,1700019020000
u025,i074,VIEWED,1700019140000
u025,i074,ADDED_TO_CART,1700019200000
u025,i074,PURCHASED,1700019260000
u012,i039,VIEWED,1700019320000
u028,i054,VIEWED,1700019440000
u028,i054,ADDED_TO_CART,1700019500000
u026,i078,VIEWED,1700019560000
u016,i029,VIEWED,1700019680000
u016,i029,ADDED_TO_CART,1700019740000
u016,i029,PURCHASED,1700019800000
u013,i044,VIEWED,1700019860000
u026,i052,VIEWED,1700019980000
u027,i060,VIEWED,1700020100000
u020,i069,VIEWED,1700020220000
u020,i069,ADDED_TO_CART,1700020280000
u020,i069,PURCHASED,1700020340000
u019,i004,VIEWED,1700020400000
u019,i004,ADDED_TO_CART,1700020460000
u019,i004,PURCHASED,1700020520000
u028,i060,VIEWED,1700020580000
u028,i060,ADDED_TO_CART,1700020640000
u028,i060,PURCHASED,1700020700000
u011,i028,VIEWED,1700020760000
u011,i028,ADDED_TO_CART,1700020820000
u011,i028,PURCHASED,1700020880000
u029,i049,VIEWED,1700020940000
u029,i049,ADDED_TO_CART,1700021000000
u014,i033,VIEWED,1700021060000
u016,i003,VIEWED,1700021180000
u002,i045,VIEWED,1700021300000
u002,i045,ADDED_TO_CART,1700021360000
u002,i045,PURCHASED,1700021420000
u021,i006,VIEWED,1700021480000
u008,i026,VIEWED,1700021600000
u020,i020,VIEWED,1700021720000
u020,i020,ADDED_TO_CART,1700021780000
u020,i020,PURCHASED,1700021840000
u004,i073,VIEWED,1700021900000
u015,i033,VIEWED,1700022020000
u006,i078,VIEWED,1700022140000
u024,i015,VIEWED,1700022260000
u006,i040,VIEWED,1700022380000
u006,i040,ADDED_TO_CART,1700022440000
u006,i040,PURCHASED,1700022500000
u010,i074,VIEWED,1700022560000
u013,i051,VIEWED,1700022680000
u007,i010,VIEWED,1700022800000
u007,i010,ADDED_TO_CART,1700022860000
u008,i014,VIEWED,1700022920000
u010,i077,VIEWED,1700023040000
u026,i073,VIEWED,1700023160000
u012,i069,VIEWED,1700023280000
u012,i069,ADDED_TO_CART,1700023340000
u012,i069,PURCHASED,1700023400000
u017,i044,VIEWED,1700023460000
u017,i044,ADDED_TO_CART,1700023520000
u017,i044,PURCHASED,1700023580000
u016,i014,VIEWED,1700023640000
u016,i014,ADDED_TO_CART,1700023700000
u016,i014,PURCHASED,1700023760000
u029,i059,VIEWED,1700023820000
u014,i023,VIEWED,1700023940000
u021,i035,VIEWED,1700024060000
u030,i069,VIEWED,1700024180000
u015,i056,VIEWED,1700024300000
u019,i035,VIEWED,1700024420000
u019,i035,ADDED_TO_CART,1700024480000
u019,i035,PURCHASED,1700024540000
u030,i012,VIEWED,1700024600000
u030,i012,ADDED_TO_CART,1700024660000
u030,i012,PURCHASED,1700024720000
u025,i060,VIEWED,1700024780000
u025,i060,ADDED_TO_CART,1700024840000
u011,i004,VIEWED,1700024900000
u011,i004,ADDED_TO_CART,1700024960000
u011,i004,PURCHASED,1700025020000
u016,i028,VIEWED,1700025080000
u016,i028,ADDED_TO_CART,1700025140000
u016,i028,PURCHASED,1700025200000
u009,i077,VIEWED,1700025260000
u009,i072,VIEWED,1700025380000
u009,i072,ADDED_TO_CART,1700025440000
u003,i031,VIEWED,1700025500000
u016,i072,VIEWED,1700025620000
u023,i061,VIEWED,1700025740000
u016,i058,VIEWED,1700025860000
u003,i038,VIEWED,1700025980000
u003,i038,ADDED_TO_CART,1700026040000
u010,i075,VIEWED,1700026100000
u010,i075,ADDED_TO_CART,1700026160000
u012,i055,VIEWED,1700026220000
u018,i043,VIEWED,1700026340000
u018,i043,ADDED_TO_CART,1700026400000
u018,i043,PURCHASED,1700026460000
u010,i033,VIEWED,1700026520000
u010,i033,ADDED_TO_CART,1700026580000
u011,i016,VIEWED,1700026640000
u025,i024,VIEWED,1700026760000
u025,i024,ADDED_TO_CART,1700026820000
u009,i076,VIEWED,1700026880000
u017,i077,VIEWED,1700027000000
u017,i077,ADDED_TO_CART,1700027060000
u017,i077,PURCHASED,1700027120000
u007,i038,VIEWED,1700027180000
u007,i038,ADDED_TO_CART,1700027240000
u007,i038,PURCHASED,1700027300000
u001,i069,VIEWED,1700027360000
u001,i069,ADDED_TO_CART,1700027420000
u001,i069,PURCHASED,1700027480000
u002,i071,VIEWED,1700027540000
u002,i071,ADDED_TO_CART,1700027600000
u021,i063,VIEWED,1700027660000
u021,i063,ADDED_TO_CART,1700027720000
u021,i063,PURCHASED,1700027780000
u010,i061,VIEWED,1700027840000
u010,i061,ADDED_TO_CART,1700027900000
u010,i061,PURCHASED,1700027960000
u002,i033,VIEWED,1700028020000
u016,i015,VIEWED,1700028140000
u013,i063,VIEWED,1700028260000
u013,i063,ADDED_TO_CART,1700028320000
u002,i020,VIEWED,1700028380000
u002,i020,ADDED_TO_CART,1700028440000
u010,i011,VIEWED,1700028500000
u004,i072,VIEWED,1700028620000
u020,i077,VIEWED,1700028740000
u008,i067,VIEWED,1700028860000
u008,i067,ADDED_TO_CART,1700028920000
u010,i076,VIEWED,1700028980000
u010,i073,VIEWED,1700029100000
u020,i013,VIEWED,1700029220000
u007,i028,VIEWED,1700029340000
u007,i028,ADDED_TO_CART,1700029400000
u007,i028,PURCHASED,1700029460000
u008,i023,VIEWED,1700029520000
u008,i023,ADDED_TO_CART,1700029580000
u008,i023,PURCHASED,1700029640000
u014,i058,VIEWED,1700029700000
u016,i038,VIEWED,1700029820000
u016,i038,ADDED_TO_CART,1700029880000
u016,i038,PURCHASED,1700029940000
u010,i059,VIEWED,1700030000000
u010,i059,ADDED_TO_CART,1700030060000
u010,i059,PURCHASED,1700030120000
u009,i076,VIEWED,1700030180000
u030,i026,VIEWED,1700030300000
u030,i026,ADDED_TO_CART,1700030360000
u021,i020,VIEWED,1700030420000
u027,i019,VIEWED,1700030540000
u027,i019,ADDED_TO_CART,1700030600000
u027,i019,PURCHASED,1700030660000
u010,i077,VIEWED,1700030720000
u019,i037,VIEWED,1700030840000
u019,i037,ADDED_TO_CART,1700030900000
u019,i037,PURCHASED,1700030960000
u010,i052,VIEWED,1700031020000
u017,i070,VIEWED,1700031140000
u017,i070,ADDED_TO_CART,1700031200000
u017,i070,PURCHASED,1700031260000
u002,i056,VIEWED,1700031320000
u020,i033,VIEWED,1700031440000
u020,i033,ADDED_TO_CART,1700031500000
u020,i033,PURCHASED,1700031560000
u022,i074,VIEWED,1700031620000
u022,i074,ADDED_TO_CART,1700031680000
u022,i074,PURCHASED,1700031740000
u025,i035,VIEWED,1700031800000
u025,i035,ADDED_TO_CART,1700031860000
u006,i061,VIEWED,1700031920000
u006,i061,ADDED_TO_CART,1700031980000
u006,i061,PURCHASED,1700032040000
u009,i024,VIEWED,1700032100000
u014,i063,VIEWED,1700032220000
u016,i045,VIEWED,1700032340000
u016,i045,ADDED_TO_CART,1700032400000
u016,i045,PURCHASED,1700032460000
u004,i021,VIEWED,1700032520000
u004,i021,ADDED_TO_CART,1700032580000
u010,i052,VIEWED,1700032640000
u018,i005,VIEWED,1700032760000
u018,i005,ADDED_TO_CART,1700032820000
u018,i005,PURCHASED,1700032880000
u011,i015,VIEWED,1700032940000
u013,i066,VIEWED,1700033060000
u001,i070,VIEWED,1700033180000
u001,i070,ADDED_TO_CART,1700033240000
u001,i070,PURCHASED,1700033300000
u017,i047,VIEWED,1700033360000
u016,i057,VIEWED,1700033480000
u007,i035,VIEWED,1700033600000
u007,i035,ADDED_TO_CART,1700033660000
u015,i063,VIEWED,1700033720000
u015,i063,ADDED_TO_CART,1700033780000
u020,i031,VIEWED,1700033840000
u010,i071,VIEWED,1700033960000
u010,i071,ADDED_TO_CART,1700034020000
u010,i071,PURCHASED,1700034080000
u008,i015,VIEWED,1700034140000
u008,i015,ADDED_TO_CART,1700034200000
u008,i015,PURCHASED,1700034260000
u027,i020,VIEWED,1700034320000
u027,i020,ADDED_TO_CART,1700034380000
u017,i035,VIEWED,1700034440000
u017,i035,ADDED_TO_CART,1700034500000
u017,i035,PURCHASED,1700034560000
u016,i032,VIEWED,1700034620000
u016,i032,ADDED_TO_CART,1700034680000
u016,i032,PURCHASED,1700034740000
u007,i077,VIEWED,1700034800000
u007,i077,ADDED_TO_CART,1700034860000
u028,i009,VIEWED,1700034920000
u028,i009,ADDED_TO_CART,1700034980000
u014,i044,VIEWED,1700035040000
u017,i035,VIEWED,1700035160000
u010,i039,VIEWED,1700035280000
u019,i063,VIEWED,1700035400000
u015,i069,VIEWED,1700035520000
u015,i069,ADDED_TO_CART,1700035580000
u015,i069,PURCHASED,1700035640000
u025,i070,VIEWED,1700035700000
u025,i070,ADDED_TO_CART,1700035760000
u028,i025,VIEWED,1700035820000
u008,i074,VIEWED,1700035940000
u008,i074,ADDED_TO_CART,1700036000000
u014,i006,VIEWED,1700036060000
u014,i006,ADDED_TO_CART,1700036120000
u014,i006,PURCHASED,1700036180000
u030,i049,VIEWED,1700036240000
u030,i049,ADDED_TO_CART,1700036300000
u027,i020,VIEWED,1700036360000
u027,i020,ADDED_TO_CART,1700036420000
u027,i020,PURCHASED,1700036480000
u017,i076,VIEWED,1700036540000
u017,i076,ADDED_TO_CART,1700036600000
u017,i076,PURCHASED,1700036660000
u028,i057,VIEWED,1700036720000
u028,i057,ADDED_TO_CART,1700036780000
u001,i019,VIEWED,1700036840000
u001,i019,ADDED_TO_CART,1700036900000
u005,i010,VIEWED,1700036960000
u005,i010,ADDED_TO_CART,1700037020000
u011,i080,VIEWED,1700037080000
u021,i011,VIEWED,1700037200000
u028,i069,VIEWED,1700037320000
u028,i069,ADDED_TO_CART,1700037380000
u028,i069,PURCHASED,1700037440000
u023,i063,VIEWED,1700037500000
u002,i080,VIEWED,1700037620000
u002,i080,ADDED_TO_CART,1700037680000
u030,i037,VIEWED,1700037740000
u024,i012,VIEWED,1700037860000
u024,i012,ADDED_TO_CART,1700037920000
u024,i012,PURCHASED,1700037980000
u021,i013,VIEWED,1700038040000
u021,i013,ADDED_TO_CART,1700038100000
u029,i004,VIEWED,1700038160000
u029,i004,ADDED_TO_CART,1700038220000
u010,i046,VIEWED,1700038280000
u010,i046,ADDED_TO_CART,1700038340000
u010,i046,PURCHASED,1700038400000
u017,i053,VIEWED,1700038460000
u017,i053,ADDED_TO_CART,1700038520000
u006,i023,VIEWED,1700038580000
u006,i023,ADDED_TO_CART,1700038640000
u020,i031,VIEWED,1700038700000
u020,i031,ADDED_TO_CART,1700038760000
u008,i060,VIEWED,1700038820000
u015,i033,VIEWED,1700038940000
u029,i060,VIEWED,1700039060000
u022,i070,VIEWED,1700039180000
u022,i070,ADDED_TO_CART,1700039240000
u022,i070,PURCHASED,1700039300000
u012,i076,VIEWED,1700039360000
u012,i076,ADDED_TO_CART,1700039420000
u023,i033,VIEWED,1700039480000
u023,i033,ADDED_TO_CART,1700039540000
u023,i033,PURCHASED,1700039600000
u013,i062,VIEWED,1700039660000
u013,i062,ADDED_TO_CART,1700039720000
u013,i062,PURCHASED,1700039780000
u012,i074,VIEWED,1700039840000
u012,i074,ADDED_TO_CART,1700039900000
u001,i051,VIEWED,1700039960000
u001,i051,ADDED_TO_CART,1700040020000
u022,i007,VIEWED,1700040080000
u024,i064,VIEWED,1700040200000
u029,i037,VIEWED,1700040320000
u008,i078,VIEWED,1700040440000
u008,i025,VIEWED,1700040560000
u022,i018,VIEWED,1700040680000
u029,i006,VIEWED,1700040800000
u029,i006,ADDED_TO_CART,1700040860000
u029,i006,PURCHASED,1700040920000
u019,i047,VIEWED,1700040980000
u003,i038,VIEWED,1700041100000
u003,i038,ADDED_TO_CART,1700041160000
u003,i038,PURCHASED,1700041220000
u007,i017,VIEWED,1700041280000
u029,i047,VIEWED,1700041400000
u029,i047,ADDED_TO_CART,1700041460000
u027,i022,VIEWED,1700041520000
u027,i022,ADDED_TO_CART,1700041580000
u016,i038,VIEWED,1700041640000
u011,i015,VIEWED,1700041760000
u011,i015,ADDED_TO_CART,1700041820000
u011,i015,PURCHASED,1700041880000
u025,i029,VIEWED,1700041940000
u024,i051,VIEWED,1700042060000
u026,i072,VIEWED,1700042180000
u026,i072,ADDED_TO_CART,1700042240000
u001,i034,VIEWED,1700042300000
u001,i034,ADDED_TO_CART,1700042360000
u001,i034,PURCHASED,1700042420000
u022,i034,VIEWED,1700042480000
u022,i034,ADDED_TO_CART,1700042540000
u012,i014,VIEWED,1700042600000
u016,i004,VIEWED,1700042720000
u018,i042,VIEWED,1700042840000
u008,i009,VIEWED,1700042960000
u015,i039,VIEWED,1700043080000
u004,i018,VIEWED,1700043200000
u004,i018,ADDED_TO_CART,1700043260000
u004,i018,PURCHASED,1700043320000
u016,i015,VIEWED,1700043380000
u016,i015,ADDED_TO_CART,1700043440000
u005,i050,VIEWED,1700043500000
u005,i050,ADDED_TO_CART,1700043560000
u024,i070,VIEWED,1700043620000
u024,i070,ADDED_TO_CART,1700043680000
u005,i054,VIEWED,1700043740000
u027,i063,VIEWED,1700043860000
u009,i005,VIEWED,1700043980000
u007,i057,VIEWED,1700044100000
u007,i057,ADDED_TO_CART,1700044160000
u007,i057,PURCHASED,1700044220000
u012,i013,VIEWED,1700044280000
u012,i070,VIEWED,1700044400000
u021,i046,VIEWED,1700044520000
u021,i046,ADDED_TO_CART,1700044580000
u021,i046,PURCHASED,1700044640000
u004,i059,VIEWED,1700044700000
u004,i059,ADDED_TO_CART,1700044760000
u004,i059,PURCHASED,1700044820000
u021,i077,VIEWED,1700044880000
u002,i043,VIEWED,1700045000000
u002,i043,ADDED_TO_CART,1700045060000
u002,i043,PURCHASED,1700045120000
u019,i027,VIEWED,1700045180000
u019,i027,ADDED_TO_CART,1700045240000
u007,i076,VIEWED,1700045300000
u007,i076,ADDED_TO_CART,1700045360000
u011,i019,VIEWED,1700045420000
u020,i001,VIEWED,1700045540000
u020,i001,ADDED_TO_CART,1700045600000
u005,i070,VIEWED,1700045660000
u005,i070,ADDED_TO_CART,1700045720000
u005,i070,PURCHASED,1700045780000
u022,i004,VIEWED,1700045840000
u022,i004,ADDED_TO_CART,1700045900000
u022,i004,PURCHASED,1700045960000
u026,i031,VIEWED,1700046020000
u026,i031,ADDED_TO_CART,1700046080000
u026,i031,PURCHASED,1700046140000
u009,i007,VIEWED,1700046200000
u009,i007,ADDED_TO_CART,1700046260000
u009,i007,PURCHASED,1700046320000
u004,i009,VIEWED,1700046380000
u004,i009,ADDED_TO_CART,1700046440000
u017,i076,VIEWED,1700046500000
u017,i076,ADDED_TO_CART,1700046560000
u020,i006,VIEWED,1700046620000
u030,i067,VIEWED,1700046740000
u030,i067,ADDED_TO_CART,1700046800000
u001,i008,VIEWED,1700046860000
u028,i052,VIEWED,1700046980000
u028,i052,ADDED_TO_CART,1700047040000
u028,i052,PURCHASED,1700047100000
u023,i057,VIEWED,1700047160000
u023,i057,ADDED_TO_CART,1700047220000
u023,i057,PURCHASED,1700047280000
u020,i019,VIEWED,1700047340000
u020,i019,ADDED_TO_CART,1700047400000
u020,i019,PURCHASED,1700047460000
u021,i075,VIEWED,1700047520000
u021,i075,ADDED_TO_CART,1700047580000
u021,i075,PURCHASED,1700047640000
u020,i068,VIEWED,1700047700000
u020,i068,ADDED_TO_CART,1700047760000
u014,i013,VIEWED,1700047820000
u004,i071,VIEWED,1700047940000
u007,i056,VIEWED,1700048060000
u007,i056,ADDED_TO_CART,1700048120000
u007,i056,PURCHASED,1700048180000
u011,i059,VIEWED,1700048240000
u011,i059,ADDED_TO_CART,1700048300000
u011,i055,VIEWED,1700048360000
u011,i055,ADDED_TO_CART,1700048420000
u011,i055,PURCHASED,1700048480000
u005,i061,VIEWED,1700048540000
u005,i061,ADDED_TO_CART,1700048600000
u003,i056,VIEWED,1700048660000
u003,i056,ADDED_TO_CART,1700048720000
u026,i017,VIEWED,1700048780000
u026,i017,ADDED_TO_CART,1700048840000
u018,i072,VIEWED,1700048900000
u018,i072,ADDED_TO_CART,1700048960000
u018,i072,PURCHASED,1700049020000
u012,i055,VIEWED,1700049080000
u024,i007,VIEWED,1700049200000
u020,i040,VIEWED,1700049320000
u020,i040,ADDED_TO_CART,1700049380000
u007,i020,VIEWED,1700049440000
u008,i014,VIEWED,1700049560000
u008,i014,ADDED_TO_CART,1700049620000
u004,i036,VIEWED,1700049680000
u004,i036,ADDED_TO_CART,1700049740000
u028,i072,VIEWED,1700049800000
u027,i080,VIEWED,1700049920000
u021,i072,VIEWED,1700050040000
u021,i072,ADDED_TO_CART,1700050100000
u027,i035,VIEWED,1700050160000
u027,i035,ADDED_TO_CART,1700050220000
u027,i035,PURCHASED,1700050280000
u025,i040,VIEWED,1700050340000
u012,i001,VIEWED,1700050460000
u012,i001,ADDED_TO_CART,1700050520000
u012,i001,PURCHASED,1700050580000
u022,i052,VIEWED,1700050640000
u022,i052,ADDED_TO_CART,1700050700000
u001,i012,VIEWED,1700050760000
u007,i049,VIEWED,1700050880000
u007,i049,ADDED_TO_CART,1700050940000
u007,i049,PURCHASED,1700051000000
u012,i040,VIEWED,1700051060000
u025,i073,VIEWED,1700051180000
u025,i073,ADDED_TO_CART,1700051240000
u005,i021,VIEWED,1700051300000
u002,i011,VIEWED,1700051420000
u002,i011,ADDED_TO_CART,1700051480000
u016,i078,VIEWED,1700051540000
u016,i078,ADDED_TO_CART,1700051600000
u016,i078,PURCHASED,1700051660000
u025,i066,VIEWED,1700051720000
u025,i066,ADDED_TO_CART,1700051780000
u025,i066,PURCHASED,1700051840000
u010,i076,VIEWED,1700051900000
u010,i076,ADDED_TO_CART,1700051960000
u002,i029,VIEWED,1700052020000
u002,i029,ADDED_TO_CART,1700052080000
u001,i027,VIEWED,1700052140000
u001,i027,ADDED_TO_CART,1700052200000
u001,i027,PURCHASED,1700052260000
u005,i033,VIEWED,1700052320000
u005,i033,ADDED_TO_CART,1700052380000
u005,i033,PURCHASED,1700052440000
u016,i056,VIEWED,1700052500000
u016,i056,ADDED_TO_CART,1700052560000
u016,i056,PURCHASED,1700052620000
u023,i030,VIEWED,1700052680000
u023,i030,ADDED_TO_CART,1700052740000
u026,i046,VIEWED,1700052800000
u026,i046,ADDED_TO_CART,1700052860000
u002,i056,VIEWED,1700052920000
u002,i056,ADDED_TO_CART,1700052980000
u028,i041,VIEWED,1700053040000
u028,i041,ADDED_TO_CART,1700053100000
u023,i054,VIEWED,1700053160000
u023,i054,ADDED_TO_CART,1700053220000
u023,i054,PURCHASED,1700053280000
u011,i022,VIEWED,1700053340000
u020,i059,VIEWED,1700053460000
u030,i047,VIEWED,1700053580000
u030,i047,ADDED_TO_CART,1700053640000
u008,i056,VIEWED,1700053700000
u008,i056,ADDED_TO_CART,1700053760000
u013,i040,VIEWED,1700053820000
u008,i043,VIEWED,1700053940000
u003,i066,VIEWED,1700054060000
u017,i066,VIEWED,1700054180000
u017,i066,ADDED_TO_CART,1700054240000
u012,i019,VIEWED,1700054300000
u012,i019,ADDED_TO_CART,1700054360000
u012,i019,PURCHASED,1700054420000
u007,i023,VIEWED,1700054480000
u025,i010,VIEWED,1700054600000
u025,i010,ADDED_TO_CART,1700054660000
u016,i060,VIEWED,1700054720000
u025,i075,VIEWED,1700054840000
u025,i075,ADDED_TO_CART,1700054900000
u019,i080,VIEWED,1700054960000
u019,i080,ADDED_TO_CART,1700055020000
u011,i020,VIEWED,1700055080000
u011,i020,ADDED_TO_CART,1700055140000
u011,i020,PURCHASED,1700055200000
u021,i039,VIEWED,1700055260000
u019,i008,VIEWED,1700055380000
u019,i008,ADDED_TO_CART,1700055440000
u019,i008,PURCHASED,1700055500000
u015,i058,VIEWED,1700055560000
u015,i058,ADDED_TO_CART,1700055620000
u015,i058,PURCHASED,1700055680000
u010,i010,VIEWED,1700055740000
u028,i012,VIEWED,1700055860000
u017,i050,VIEWED,1700055980000
u017,i050,ADDED_TO_CART,1700056040000
u026,i006,VIEWED,1700056100000
u026,i006,ADDED_TO_CART,1700056160000
u021,i025,VIEWED,1700056220000
u021,i025,ADDED_TO_CART,1700056280000
u021,i025,PURCHASED,1700056340000
u005,i008,VIEWED,1700056400000
u005,i008,ADDED_TO_CART,1700056460000
u027,i044,VIEWED,1700056520000
u003,i065,VIEWED,1700056640000
u002,i032,VIEWED,1700056760000
u015,i068,VIEWED,1700056880000
u015,i068,ADDED_TO_CART,1700056940000
u015,i068,PURCHASED,1700057000000
u012,i037,VIEWED,1700057060000
u012,i037,ADDED_TO_CART,1700057120000
u022,i077,VIEWED,1700057180000
u022,i077,ADDED_TO_CART,1700057240000
u011,i009,VIEWED,1700057300000
u011,i009,ADDED_TO_CART,1700057360000
u013,i037,VIEWED,1700057420000
u013,i037,ADDED_TO_CART,1700057480000
u030,i078,VIEWED,1700057540000
u011,i011,VIEWED,1700057660000
u011,i011,ADDED_TO_CART,1700057720000
u011,i011,PURCHASED,1700057780000
u012,i040,VIEWED,1700057840000
u023,i051,VIEWED,1700057960000
u023,i051,ADDED_TO_CART,1700058020000
u003,i040,VIEWED,1700058080000
u003,i040,ADDED_TO_CART,1700058140000
u011,i017,VIEWED,1700058200000
u027,i068,VIEWED,1700058320000
u027,i068,ADDED_TO_CART,1700058380000
u017,i047,VIEWED,1700058440000
u017,i047,ADDED_TO_CART,1700058500000
u017,i047,PURCHASED,1700058560000
u007,i044,VIEWED,1700058620000
u016,i025,VIEWED,1700058740000
u016,i025,ADDED_TO_CART,1700058800000
u016,i025,PURCHASED,1700058860000
u003,i038,VIEWED,1700058920000
u004,i065,VIEWED,1700059040000
u027,i068,VIEWED,1700059160000
u027,i068,ADDED_TO_CART,1700059220000
u027,i068,PURCHASED,1700059280000
u025,i080,VIEWED,1700059340000
u025,i080,ADDED_TO_CART,1700059400000
u025,i080,PURCHASED,1700059460000
u006,i024,VIEWED,1700059520000
u025,i080,VIEWED,1700059640000
u006,i057,VIEWED,1700059760000
u006,i057,ADDED_TO_CART,1700059820000
u006,i057,PURCHASED,1700059880000
u024,i031,VIEWED,1700059940000
u020,i037,VIEWED,1700060060000
u026,i058,VIEWED,1700060180000
u026,i058,ADDED_TO_CART,1700060240000
u026,i058,PURCHASED,1700060300000
u026,i061,VIEWED,1700060360000
u007,i048,VIEWED,1700060480000
u019,i057,VIEWED,1700060600000
u019,i057,ADDED_TO_CART,1700060660000
u019,i057,PURCHASED,1700060720000
u013,i065,VIEWED,1700060780000
u013,i065,ADDED_TO_CART,1700060840000
u027,i026,VIEWED,1700060900000
u005,i033,VIEWED,1700061020000
u005,i033,ADDED_TO_CART,1700061080000
u005,i033,PURCHASED,1700061140000
u012,i071,VIEWED,1700061200000
u023,i067,VIEWED,1700061320000
u010,i011,VIEWED,1700061440000
u009,i058,VIEWED,1700061560000
u005,i056,VIEWED,1700061680000
u005,i056,ADDED_TO_CART,1700061740000
u027,i058,VIEWED,1700061800000
u030,i004,VIEWED,1700061920000
u030,i004,ADDED_TO_CART,1700061980000
u030,i004,PURCHASED,1700062040000
u012,i031,VIEWED,1700062100000
u012,i031,ADDED_TO_CART,1700062160000
u012,i031,PURCHASED,1700062220000
u008,i004,VIEWED,1700062280000
u008,i004,ADDED_TO_CART,1700062340000
u008,i004,PURCHASED,1700062400000
u023,i043,VIEWED,1700062460000
u005,i005,VIEWED,1700062580000
u005,i005,ADDED_TO_CART,1700062640000
u023,i018,VIEWED,1700062700000
u016,i058,VIEWED,1700062820000
u029,i011,VIEWED,1700062940000
u029,i011,ADDED_TO_CART,1700063000000
u029,i011,PURCHASED,1700063060000
u005,i071,VIEWED,1700063120000
u020,i068,VIEWED,1700063240000
u020,i068,ADDED_TO_CART,1700063300000
u008,i039,VIEWED,1700063360000
u008,i039,ADDED_TO_CART,1700063420000
u008,i039,PURCHASED,1700063480000
u021,i080,VIEWED,1700063540000
u021,i080,ADDED_TO_CART,1700063600000
u021,i080,PURCHASED,1700063660000
u029,i064,VIEWED,1700063720000
u029,i064,ADDED_TO_CART,1700063780000
u029,i064,PURCHASED,1700063840000
u017,i074,VIEWED,1700063900000
u017,i074,ADDED_TO_CART,1700063960000
u017,i074,PURCHASED,1700064020000
u014,i001,VIEWED,1700064080000
u008,i074,VIEWED,1700064200000
u008,i074,ADDED_TO_CART,1700064260000
u003,i068,VIEWED,1700064320000
u003,i068,VIEWED,1700064440000
u003,i068,ADDED_TO_CART,1700064500000
u017,i071,VIEWED,1700064560000
u017,i071,ADDED_TO_CART,1700064620000
u002,i050,VIEWED,1700064680000
u009,i003,VIEWED,1700064800000
u009,i003,ADDED_TO_CART,1700064860000
u009,i003,PURCHASED,1700064920000
u008,i014,VIEWED,1700064980000
u024,i043,VIEWED,1700065100000
u024,i043,ADDED_TO_CART,1700065160000
u024,i043,PURCHASED,1700065220000
u011,i023,VIEWED,1700065280000
u022,i060,VIEWED,1700065400000
u016,i024,VIEWED,1700065520000
u003,i059,VIEWED,1700065640000
u003,i059,ADDED_TO_CART,1700065700000
u003,i059,PURCHASED,1700065760000
u026,i026,VIEWED,1700065820000
u011,i040,VIEWED,1700065940000
u011,i040,ADDED_TO_CART,1700066000000
u018,i061,VIEWED,1700066060000
u018,i061,ADDED_TO_CART,1700066120000
u007,i037,VIEWED,1700066180000
u007,i037,ADDED_TO_CART,1700066240000
u028,i043,VIEWED,1700066300000
u028,i043,ADDED_TO_CART,1700066360000
u014,i052,VIEWED,1700066420000
u029,i050,VIEWED,1700066540000
u029,i050,ADDED_TO_CART,1700066600000
u029,i050,PURCHASED,1700066660000
u023,i064,VIEWED,1700066720000
u023,i064,ADDED_TO_CART,1700066780000
u009,i011,VIEWED,1700066840000
u003,i056,VIEWED,1700066960000
u027,i024,VIEWED,1700067080000
u027,i024,ADDED_TO_CART,1700067140000
u027,i024,PURCHASED,1700067200000
u003,i042,VIEWED,1700067260000
u010,i058,VIEWED,1700067380000
u014,i022,VIEWED,1700067500000
u012,i058,VIEWED,1700067620000
u012,i058,ADDED_TO_CART,1700067680000
u012,i079,VIEWED,1700067740000
u009,i008,VIEWED,1700067860000
u009,i008,ADDED_TO_CART,1700067920000
u012,i066,VIEWED,1700067980000
u022,i021,VIEWED,1700068100000
u005,i078,VIEWED,1700068220000
u015,i005,VIEWED,1700068340000
u015,i005,ADDED_TO_CART,1700068400000
u015,i005,PURCHASED,1700068460000
u021,i047,VIEWED,1700068520000
u021,i047,ADDED_TO_CART,1700068580000
u002,i078,VIEWED,1700068640000
u002,i078,ADDED_TO_CART,1700068700000
u002,i078,PURCHASED,1700068760000
u012,i048,VIEWED,1700068820000
u012,i048,ADDED_TO_CART,1700068880000
u012,i048,PURCHASED,1700068940000
u005,i068,VIEWED,1700069000000
u005,i068,ADDED_TO_CART,1700069060000
u005,i068,PURCHASED,1700069120000
u009,i032,VIEWED,1700069180000
u001,i024,VIEWED,1700069300000
u001,i024,ADDED_TO_CART,1700069360000
u001,i024,PURCHASED,1700069420000
u018,i016,VIEWED,1700069480000
u018,i016,ADDED_TO_CART,1700069540000
u018,i016,PURCHASED,1700069600000
u015,i028,VIEWED,1700069660000
u010,i063,VIEWED,1700069780000
u010,i063,ADDED_TO_CART,1700069840000
u010,i063,PURCHASED,1700069900000
u003,i058,VIEWED,1700069960000
u003,i058,ADDED_TO_CART,1700070020000
u003,i041,VIEWED,1700070080000
u023,i009,VIEWED,1700070200000
u023,i009,ADDED_TO_CART,1700070260000
u023,i009,PURCHASED,1700070320000
u010,i021,VIEWED,1700070380000
u030,i023,VIEWED,1700070500000
u017,i029,VIEWED,1700070620000
u017,i029,ADDED_TO_CART,1700070680000
u017,i029,PURCHASED,1700070740000
u005,i031,VIEWED,1700070800000
u001,i047,VIEWED,1700070920000
u001,i047,ADDED_TO_CART,1700070980000
u001,i047,PURCHASED,1700071040000
u026,i071,VIEWED,1700071100000
u026,i071,ADDED_TO_CART,1700071160000
u003,i040,VIEWED,1700071220000
u003,i040,ADDED_TO_CART,1700071280000
u016,i068,VIEWED,1700071340000
u016,i068,ADDED_TO_CART,1700071400000
u016,i068,PURCHASED,1700071460000
u019,i010,VIEWED,1700071520000
u019,i010,ADDED_TO_CART,1700071580000
u019,i010,PURCHASED,1700071640000
u003,i058,VIEWED,1700071700000
u003,i058,ADDED_TO_CART,1700071760000
u005,i071,VIEWED,1700071820000
u006,i017,VIEWED,1700071940000
u006,i017,ADDED_TO_CART,1700072000000
u002,i016,VIEWED,1700072060000
u002,i016,ADDED_TO_CART,1700072120000
u002,i016,PURCHASED,1700072180000
u006,i042,VIEWED,1700072240000
u008,i045,VIEWED,1700072360000
u017,i037,VIEWED,1700072480000
u009,i026,VIEWED,1700072600000
u018,i036,VIEWED,1700072720000
u018,i036,ADDED_TO_CART,1700072780000
u018,i036,PURCHASED,1700072840000
u018,i012,VIEWED,1700072900000
u018,i012,ADDED_TO_CART,1700072960000
u018,i012,PURCHASED,1700073020000
u019,i020,VIEWED,1700073080000
u019,i020,ADDED_TO_CART,1700073140000
u029,i078,VIEWED,1700073200000
u029,i078,ADDED_TO_CART,1700073260000
u002,i004,VIEWED,1700073320000
u002,i004,ADDED_TO_CART,1700073380000
u025,i074,VIEWED,1700073440000
u025,i074,ADDED_TO_CART,1700073500000
u025,i074,PURCHASED,1700073560000
u019,i054,VIEWED,1700073620000
u001,i064,VIEWED,1700073740000
u018,i038,VIEWED,1700073860000
u010,i062,VIEWED,1700073980000
u010,i062,ADDED_TO_CART,1700074040000
u013,i039,VIEWED,1700074100000
u013,i039,ADDED_TO_CART,1700074160000
u006,i057,VIEWED,1700074220000
u006,i057,ADDED_TO_CART,1700074280000
u006,i057,PURCHASED,1700074340000
u011,i078,VIEWED,1700074400000
u011,i078,ADDED_TO_CART,1700074460000
u011,i045,VIEWED,1700074520000
u005,i048,VIEWED,1700074640000
u005,i048,ADDED_TO_CART,1700074700000
u005,i048,PURCHASED,1700074760000
u008,i060,VIEWED,1700074820000
u008,i060,ADDED_TO_CART,1700074880000
u008,i060,PURCHASED,1700074940000
u005,i013,VIEWED,1700075000000
u005,i013,ADDED_TO_CART,1700075060000
u028,i079,VIEWED,1700075120000
u028,i079,ADDED_TO_CART,1700075180000
u029,i021,VIEWED,1700075240000
u030,i074,VIEWED,1700075360000
u007,i021,VIEWED,1700075480000
u007,i021,ADDED_TO_CART,1700075540000
u016,i040,VIEWED,1700075600000
u016,i040,ADDED_TO_CART,1700075660000
u016,i040,PURCHASED,1700075720000
u013,i065,VIEWED,1700075780000
u013,i065,ADDED_TO_CART,1700075840000
u013,i065,PURCHASED,1700075900000
u019,i046,VIEWED,1700075960000
u019,i046,ADDED_TO_CART,1700076020000
u019,i046,PURCHASED,1700076080000
u020,i061,VIEWED,1700076140000
u020,i061,ADDED_TO_CART,1700076200000
u020,i061,PURCHASED,1700076260000
u004,i056,VIEWED,1700076320000
u004,i056,ADDED_TO_CART,1700076380000
u004,i056,PURCHASED,1700076440000
u012,i052,VIEWED,1700076500000
u012,i052,ADDED_TO_CART,1700076560000
u012,i052,PURCHASED,1700076620000
u019,i072,VIEWED,1700076680000
u019,i072,ADDED_TO_CART,1700076740000
u003,i050,VIEWED,1700076800000
u003,i050,ADDED_TO_CART,1700076860000
u009,i080,VIEWED,1700076920000
u004,i017,VIEWED,1700077040000
u013,i048,VIEWED,1700077160000
u011,i072,VIEWED,1700077280000
u025,i019,VIEWED,1700077400000
u025,i019,ADDED_TO_CART,1700077460000
u017,i006,VIEWED,1700077520000
u017,i006,ADDED_TO_CART,1700077580000
u017,i006,PURCHASED,1700077640000
u011,i061,VIEWED,1700077700000
u011,i061,ADDED_TO_CART,1700077760000
u011,i061,PURCHASED,1700077820000
u029,i066,VIEWED,1700077880000
u029,i066,ADDED_TO_CART,1700077940000
u011,i021,VIEWED,1700078000000
u011,i021,ADDED_TO_CART,1700078060000
u027,i039,VIEWED,1700078120000
u027,i039,ADDED_TO_CART,1700078180000
u017,i069,VIEWED,1700078240000
u017,i069,ADDED_TO_CART,1700078300000
u016,i003,VIEWED,1700078360000
u016,i003,ADDED_TO_CART,1700078420000
u014,i075,VIEWED,1700078480000
u014,i075,ADDED_TO_CART,1700078540000
u028,i004,VIEWED,1700078600000
u028,i004,ADDED_TO_CART,1700078660000
u028,i004,PURCHASED,1700078720000
u021,i075,VIEWED,1700078780000
u021,i075,ADDED_TO_CART,1700078840000
u019,i062,VIEWED,1700078900000
u019,i062,ADDED_TO_CART,1700078960000
u020,i049,VIEWED,1700079020000
u020,i049,ADDED_TO_CART,1700079080000
u002,i074,VIEWED,1700079140000
u004,i025,VIEWED,1700079260000
u004,i025,ADDED_TO_CART,1700079320000
u004,i025,PURCHASED,1700079380000
u005,i053,VIEWED,1700079440000
u014,i065,VIEWED,1700079560000
u030,i061,VIEWED,1700079680000
u024,i008,VIEWED,1700079800000
u017,i027,VIEWED,1700079920000
u017,i027,ADDED_TO_CART,1700079980000
u016,i068,VIEWED,1700080040000
u016,i068,ADDED_TO_CART,1700080100000
u015,i069,VIEWED,1700080160000
u015,i069,ADDED_TO_CART,1700080220000
u015,i069,PURCHASED,1700080280000
u025,i034,VIEWED,1700080340000
u007,i032,VIEWED,1700080460000
u007,i032,ADDED_TO_CART,1700080520000
u007,i032,PURCHASED,1700080580000
u010,i037,VIEWED,1700080640000
u023,i063,VIEWED,1700080760000
u023,i063,ADDED_TO_CART,1700080820000
u023,i063,PURCHASED,1700080880000
u030,i036,VIEWED,1700080940000
u030,i036,ADDED_TO_CART,1700081000000
u018,i049,VIEWED,1700081060000
u013,i045,VIEWED,1700081180000
u026,i019,VIEWED,1700081300000
u026,i019,ADDED_TO_CART,1700081360000
u026,i019,PURCHASED,1700081420000
u023,i011,VIEWED,1700081480000
u023,i011,ADDED_TO_CART,1700081540000
u023,i011,PURCHASED,1700081600000
u009,i062,VIEWED,1700081660000
u009,i062,ADDED_TO_CART,1700081720000
u009,i072,VIEWED,1700081780000
u005,i014,VIEWED,1700081900000
u019,i031,VIEWED,1700082020000
u019,i031,ADDED_TO_CART,1700082080000
u017,i029,VIEWED,1700082140000
u002,i013,VIEWED,1700082260000
u002,i013,ADDED_TO_CART,1700082320000
u004,i018,VIEWED,1700082380000
u004,i018,ADDED_TO_CART,1700082440000
u030,i021,VIEWED,1700082500000
u030,i021,ADDED_TO_CART,1700082560000
u029,i061,VIEWED,1700082620000
u029,i061,ADDED_TO_CART,1700082680000
u029,i061,PURCHASED,1700082740000
u010,i042,VIEWED,1700082800000
u010,i042,ADDED_TO_CART,1700082860000
u010,i042,PURCHASED,1700082920000
u025,i012,VIEWED,1700082980000
u008,i069,VIEWED,1700083100000
u028,i005,VIEWED,1700083220000
u006,i054,VIEWED,1700083340000
u006,i005,VIEWED,1700083460000
u013,i064,VIEWED,1700083580000
u013,i064,ADDED_TO_CART,1700083640000
u028,i038,VIEWED,1700083700000
u001,i039,VIEWED,1700083820000
u001,i039,ADDED_TO_CART,1700083880000
u001,i039,PURCHASED,1700083940000
u011,i037,VIEWED,1700084000000
u011,i037,ADDED_TO_CART,1700084060000
u017,i064,VIEWED,1700084120000
u005,i065,VIEWED,1700084240000
u005,i065,ADDED_TO_CART,1700084300000
u005,i065,PURCHASED,1700084360000
u004,i043,VIEWED,1700084420000
u004,i043,ADDED_TO_CART,1700084480000
u004,i043,PURCHASED,1700084540000
u009,i024,VIEWED,1700084600000
u009,i024,ADDED_TO_CART,1700084660000
u009,i024,PURCHASED,1700084720000
u010,i073,VIEWED,1700084780000
u007,i023,VIEWED,1700084900000
u021,i052,VIEWED,1700085020000
u017,i042,VIEWED,1700085140000
u017,i042,ADDED_TO_CART,1700085200000
u006,i018,VIEWED,1700085260000
u006,i018,ADDED_TO_CART,1700085320000
u001,i034,VIEWED,1700085380000
u001,i034,ADDED_TO_CART,1700085440000
u001,i034,PURCHASED,1700085500000
u009,i043,VIEWED,1700085560000
u009,i043,ADDED_TO_CART,1700085620000
u001,i034,VIEWED,1700085680000
u023,i031,VIEWED,1700085800000
u023,i031,ADDED_TO_CART,1700085860000
u023,i031,PURCHASED,1700085920000
u010,i021,VIEWED,1700085980000
u010,i021,ADDED_TO_CART,1700086040000
u029,i040,VIEWED,1700086100000
u021,i038,VIEWED,1700086220000
u021,i038,ADDED_TO_CART,1700086280000
u021,i038,PURCHASED,1700086340000
u005,i062,VIEWED,1700086400000
u005,i062,ADDED_TO_CART,1700086460000
u020,i048,VIEWED,1700086520000
u020,i048,ADDED_TO_CART,1700086580000
u016,i069,VIEWED,1700086640000
u027,i028,VIEWED,1700086760000
u022,i077,VIEWED,1700086880000
u003,i068,VIEWED,1700087000000
u003,i068,ADDED_TO_CART,1700087060000
u003,i073,VIEWED,1700087120000
u003,i073,ADDED_TO_CART,1700087180000
u029,i065,VIEWED,1700087240000
u029,i065,ADDED_TO_CART,1700087300000
u006,i042,VIEWED,1700087360000
u015,i015,VIEWED,1700087480000
u023,i075,VIEWED,1700087600000
u023,i075,ADDED_TO_CART,1700087660000
u015,i008,VIEWED,1700087720000
u015,i008,ADDED_TO_CART,1700087780000
u015,i073,VIEWED,1700087840000
u015,i073,ADDED_TO_CART,1700087900000
u015,i073,PURCHASED,1700087960000
u026,i040,VIEWED,1700088020000
u013,i033,VIEWED,1700088140000
u024,i028,VIEWED,1700088260000
u024,i028,ADDED_TO_CART,1700088320000
u024,i028,PURCHASED,1700088380000
u012,i009,VIEWED,1700088440000
u012,i009,ADDED_TO_CART,1700088500000
u012,i009,PURCHASED,1700088560000
u029,i009,VIEWED,1700088620000
u016,i005,VIEWED,1700088740000
u016,i005,ADDED_TO_CART,1700088800000
u016,i005,PURCHASED,1700088860000
u005,i054,VIEWED,1700088920000
u005,i054,ADDED_TO_CART,1700088980000
u015,i049,VIEWED,1700089040000
u015,i049,ADDED_TO_CART,1700089100000
u022,i070,VIEWED,1700089160000
u022,i070,ADDED_TO_CART,1700089220000
u004,i023,VIEWED,1700089280000
u013,i068,VIEWED,1700089400000
u013,i068,ADDED_TO_CART,1700089460000
u027,i001,VIEWED,1700089520000
u010,i060,VIEWED,1700089640000
u018,i055,VIEWED,1700089760000
u018,i055,ADDED_TO_CART,1700089820000
u008,i059,VIEWED,1700089880000
u008,i059,ADDED_TO_CART,1700089940000
u008,i059,PURCHASED,1700090000000
u030,i015,VIEWED,1700090060000
u030,i015,ADDED_TO_CART,1700090120000
u020,i003,VIEWED,1700090180000
u020,i003,ADDED_TO_CART,1700090240000
u020,i003,PURCHASED,1700090300000
u020,i005,VIEWED,1700090360000
u020,i005,ADDED_TO_CART,1700090420000
u028,i007,VIEWED,1700090480000
u028,i007,ADDED_TO_CART,1700090540000
u028,i007,PURCHASED,1700090600000
u015,i030,VIEWED,1700090660000
u015,i030,ADDED_TO_CART,1700090720000
u025,i008,VIEWED,1700090780000
u025,i008,ADDED_TO_CART,1700090840000
u008,i074,VIEWED,1700090900000
u008,i074,ADDED_TO_CART,1700090960000
u022,i042,VIEWED,1700091020000
u022,i042,ADDED_TO_CART,1700091080000
u022,i067,VIEWED,1700091140000
u022,i067,ADDED_TO_CART,1700091200000
u022,i067,PURCHASED,1700091260000
u002,i072,VIEWED,1700091320000
u029,i023,VIEWED,1700091440000
u014,i072,VIEWED,1700091560000
u014,i072,ADDED_TO_CART,1700091620000
u021,i049,VIEWED,1700091680000
u011,i054,VIEWED,1700091800000
u011,i054,ADDED_TO_CART,1700091860000
u011,i054,PURCHASED,1700091920000
u006,i069,VIEWED,1700091980000
u006,i069,ADDED_TO_CART,1700092040000
u010,i019,VIEWED,1700092100000
u030,i008,VIEWED,1700092220000
u030,i008,ADDED_TO_CART,1700092280000
u018,i068,VIEWED,1700092340000
u018,i068,ADDED_TO_CART,1700092400000
u018,i068,PURCHASED,1700092460000
u007,i043,VIEWED,1700092520000
u030,i058,VIEWED,1700092640000
u003,i069,VIEWED,1700092760000
u007,i007,VIEWED,1700092880000
u007,i007,ADDED_TO_CART,1700092940000
u020,i006,VIEWED,1700093000000
u007,i076,VIEWED,1700093120000
u018,i028,VIEWED,1700093240000
u018,i028,ADDED_TO_CART,1700093300000
u011,i039,VIEWED,1700093360000
u001,i028,VIEWED,1700093480000
u024,i016,VIEWED,1700093600000
u025,i062,VIEWED,1700093720000
u023,i078,VIEWED,1700093840000
u013,i031,VIEWED,1700093960000
u013,i031,ADDED_TO_CART,1700094020000
u013,i060,VIEWED,1700094080000
u013,i060,ADDED_TO_CART,1700094140000
u013,i060,PURCHASED,1700094200000
u009,i047,VIEWED,1700094260000
u009,i047,ADDED_TO_CART,1700094320000
u009,i047,PURCHASED,1700094380000
u004,i061,VIEWED,1700094440000
u011,i027,VIEWED,1700094560000
u011,i027,ADDED_TO_CART,1700094620000
u011,i027,PURCHASED,1700094680000
u019,i029,VIEWED,1700094740000
u001,i034,VIEWED,1700094860000
u001,i034,ADDED_TO_CART,1700094920000
u024,i054,VIEWED,1700094980000
u024,i054,ADDED_TO_CART,1700095040000
u024,i054,PURCHASED,1700095100000
u008,i049,VIEWED,1700095160000
u008,i049,ADDED_TO_CART,1700095220000
u008,i049,PURCHASED,1700095280000
u018,i044,VIEWED,1700095340000
u018,i044,ADDED_TO_CART,1700095400000
u024,i063,VIEWED,1700095460000
u024,i063,ADDED_TO_CART,1700095520000
u012,i022,VIEWED,1700095580000
u012,i022,ADDED_TO_CART,1700095640000
u006,i070,VIEWED,1700095700000
u002,i068,VIEWED,1700095820000
u002,i068,ADDED_TO_CART,1700095880000
u027,i007,VIEWED,1700095940000
u014,i018,VIEWED,1700096060000
u008,i009,VIEWED,1700096180000
u001,i028,VIEWED,1700096300000
u001,i028,ADDED_TO_CART,1700096360000
u001,i028,PURCHASED,1700096420000
u020,i079,VIEWED,1700096480000
u022,i063,VIEWED,1700096600000
u022,i063,ADDED_TO_CART,1700096660000
u014,i002,VIEWED,1700096720000
u014,i002,ADDED_TO_CART,1700096780000
u018,i037,VIEWED,1700096840000
u018,i037,ADDED_TO_CART,1700096900000
u022,i056,VIEWED,1700096960000
u030,i023,VIEWED,1700097080000
u030,i023,ADDED_TO_CART,1700097140000
u030,i023,PURCHASED,1700097200000
u005,i031,VIEWED,1700097260000
u005,i031,ADDED_TO_CART,1700097320000
u027,i046,VIEWED,1700097380000
u027,i046,ADDED_TO_CART,1700097440000
u027,i046,PURCHASED,1700097500000
u012,i052,VIEWED,1700097560000
u012,i052,ADDED_TO_CART,1700097620000
u012,i052,PURCHASED,1700097680000
u023,i029,VIEWED,1700097740000
u023,i029,ADDED_TO_CART,1700097800000
u003,i005,VIEWED,1700097860000
u003,i005,ADDED_TO_CART,1700097920000
u003,i005,PURCHASED,1700097980000
u018,i061,VIEWED,1700098040000
u018,i061,ADDED_TO_CART,1700098100000
u018,i061,PURCHASED,1700098160000
u006,i011,VIEWED,1700098220000
u006,i011,ADDED_TO_CART,1700098280000
u006,i011,PURCHASED,1700098340000
u026,i043,VIEWED,1700098400000
u026,i043,ADDED_TO_CART,1700098460000
u004,i068,VIEWED,1700098520000
u008,i028,VIEWED,1700098640000
u023,i073,VIEWED,1700098760000
u023,i073,ADDED_TO_CART,1700098820000
u023,i073,PURCHASED,1700098880000
u003,i036,VIEWED,1700098940000
u019,i005,VIEWED,1700099060000
u019,i005,ADDED_TO_CART,1700099120000
u001,i027,VIEWED,1700099180000
u001,i027,ADDED_TO_CART,1700099240000
u023,i051,VIEWED,1700099300000
u010,i021,VIEWED,1700099420000
u010,i021,ADDED_TO_CART,1700099480000
u028,i050,VIEWED,1700099540000
u018,i043,VIEWED,1700099660000
u018,i043,ADDED_TO_CART,1700099720000
u026,i011,VIEWED,1700099780000
u026,i011,ADDED_TO_CART,1700099840000
u002,i013,VIEWED,1700099900000
u002,i013,ADDED_TO_CART,1700099960000
u011,i078,VIEWED,1700100020000
u020,i051,VIEWED,1700100140000
u011,i004,VIEWED,1700100260000
u026,i058,VIEWED,1700100380000
u026,i058,ADDED_TO_CART,1700100440000
u026,i058,PURCHASED,1700100500000
u013,i056,VIEWED,1700100560000
u013,i056,ADDED_TO_CART,1700100620000
u013,i011,VIEWED,1700100680000
u010,i032,VIEWED,1700100800000
u003,i035,VIEWED,1700100920000
u003,i035,ADDED_TO_CART,1700100980000
u021,i020,VIEWED,1700101040000
u011,i047,VIEWED,1700101160000
u011,i047,ADDED_TO_CART,1700101220000
u011,i047,PURCHASED,1700101280000
u010,i057,VIEWED,1700101340000
u010,i057,ADDED_TO_CART,1700101400000
u010,i057,PURCHASED,1700101460000
u005,i012,VIEWED,1700101520000
u005,i012,ADDED_TO_CART,1700101580000
u005,i012,PURCHASED,1700101640000
u018,i066,VIEWED,1700101700000
u018,i066,ADDED_TO_CART,1700101760000
u018,i066,PURCHASED,1700101820000
u012,i071,VIEWED,1700101880000
u012,i071,ADDED_TO_CART,1700101940000
u011,i050,VIEWED,1700102000000
u011,i050,ADDED_TO_CART,1700102060000
u011,i050,PURCHASED,1700102120000
u025,i011,VIEWED,1700102180000
u018,i032,VIEWED,1700102300000
u018,i032,ADDED_TO_CART,1700102360000
u018,i032,PURCHASED,1700102420000
u013,i022,VIEWED,1700102480000
u013,i022,ADDED_TO_CART,1700102540000
u013,i022,PURCHASED,1700102600000
u016,i019,VIEWED,1700102660000
u016,i019,ADDED_TO_CART,1700102720000
u016,i019,PURCHASED,1700102780000
u014,i039,VIEWED,1700102840000
u014,i039,ADDED_TO_CART,1700102900000
u014,i039,PURCHASED,1700102960000
u009,i032,VIEWED,1700103020000
u016,i077,VIEWED,1700103140000
u015,i014,VIEWED,1700103260000
u015,i014,ADDED_TO_CART,1700103320000
u015,i014,PURCHASED,1700103380000
u013,i043,VIEWED,1700103440000
u013,i043,VIEWED,1700103560000
u013,i043,ADDED_TO_CART,1700103620000
u013,i043,PURCHASED,1700103680000
u027,i077,VIEWED,1700103740000
u027,i077,ADDED_TO_CART,1700103800000
u027,i077,PURCHASED,1700103860000
u023,i026,VIEWED,1700103920000
u023,i026,ADDED_TO_CART,1700103980000
u023,i026,PURCHASED,1700104040000
u013,i041,VIEWED,1700104100000
u013,i041,ADDED_TO_CART,1700104160000
u016,i074,VIEWED,1700104220000
u011,i049,VIEWED,1700104340000
u011,i049,ADDED_TO_CART,1700104400000
u012,i015,VIEWED,1700104460000
u007,i076,VIEWED,1700104580000
u006,i071,VIEWED,1700104700000
u006,i071,ADDED_TO_CART,1700104760000
u023,i027,VIEWED,1700104820000
u023,i027,ADDED_TO_CART,1700104880000
u023,i027,PURCHASED,1700104940000
u023,i009,VIEWED,1700105000000
u026,i053,VIEWED,1700105120000
u005,i039,VIEWED,1700105240000
u005,i039,ADDED_TO_CART,1700105300000
u023,i055,VIEWED,1700105360000
u003,i058,VIEWED,1700105480000
u016,i075,VIEWED,1700105600000
u016,i075,ADDED_TO_CART,1700105660000
u030,i054,VIEWED,1700105720000
u030,i054,ADDED_TO_CART,1700105780000
u012,i069,VIEWED,1700105840000
u012,i069,ADDED_TO_CART,1700105900000
u004,i032,VIEWED,1700105960000
u012,i022,VIEWED,1700106080000
u002,i073,VIEWED,1700106200000
u022,i052,VIEWED,1700106320000
u011,i056,VIEWED,1700106440000
u011,i056,ADDED_TO_CART,1700106500000
u011,i056,PURCHASED,1700106560000
u008,i066,VIEWED,1700106620000
u018,i075,VIEWED,1700106740000
u008,i058,VIEWED,1700106860000
u008,i058,ADDED_TO_CART,1700106920000
u008,i058,PURCHASED,1700106980000
u022,i076,VIEWED,1700107040000
u005,i045,VIEWED,1700107160000
u016,i014,VIEWED,1700107280000
u016,i014,ADDED_TO_CART,1700107340000
u003,i015,VIEWED,1700107400000
u024,i019,VIEWED,1700107520000
u024,i019,ADDED_TO_CART,1700107580000
u024,i019,PURCHASED,1700107640000
u026,i027,VIEWED,1700107700000
u026,i027,ADDED_TO_CART,1700107760000
u026,i027,PURCHASED,1700107820000
u004,i057,VIEWED,1700107880000
u015,i041,VIEWED,1700108000000
u015,i041,ADDED_TO_CART,1700108060000
u015,i041,PURCHASED,1700108120000
u023,i015,VIEWED,1700108180000
u023,i015,ADDED_TO_CART,1700108240000
u023,i015,PURCHASED,1700108300000
u004,i022,VIEWED,1700108360000
u024,i032,VIEWED,1700108480000
u024,i032,ADDED_TO_CART,1700108540000
u011,i072,VIEWED,1700108600000
u011,i072,ADDED_TO_CART,1700108660000
u011,i072,PURCHASED,1700108720000
u026,i052,VIEWED,1700108780000
u006,i056,VIEWED,1700108900000
u006,i056,ADDED_TO_CART,1700108960000
u029,i026,VIEWED,1700109020000
u029,i026,ADDED_TO_CART,1700109080000
u029,i026,PURCHASED,1700109140000
u001,i028,VIEWED,1700109200000
u001,i028,ADDED_TO_CART,1700109260000
u026,i009,VIEWED,1700109320000
u026,i009,ADDED_TO_CART,1700109380000
u018,i024,VIEWED,1700109440000
u018,i024,ADDED_TO_CART,1700109500000
u018,i024,PURCHASED,1700109560000
u004,i034,VIEWED,1700109620000
u016,i068,VIEWED,1700109740000
u011,i077,VIEWED,1700109860000
u011,i077,ADDED_TO_CART,1700109920000
u011,i077,PURCHASED,1700109980000
u004,i045,VIEWED,1700110040000
u004,i045,ADDED_TO_CART,1700110100000
u004,i045,PURCHASED,1700110160000
u006,i039,VIEWED,1700110220000
u019,i011,VIEWED,1700110340000
u011,i016,VIEWED,1700110460000
u011,i016,ADDED_TO_CART,1700110520000
u011,i016,PURCHASED,1700110580000
u012,i019,VIEWED,1700110640000
u012,i019,ADDED_TO_CART,1700110700000
u012,i019,PURCHASED,1700110760000
u005,i074,VIEWED,1700110820000
u005,i074,ADDED_TO_CART,1700110880000
u005,i074,PURCHASED,1700110940000
u021,i069,VIEWED,1700111000000
u021,i023,VIEWED,1700111120000
u021,i023,ADDED_TO_CART,1700111180000
u021,i023,PURCHASED,1700111240000
u005,i024,VIEWED,1700111300000
u005,i024,ADDED_TO_CART,1700111360000
u005,i024,PURCHASED,1700111420000
u002,i046,VIEWED,1700111480000
u016,i018,VIEWED,1700111600000
u016,i018,ADDED_TO_CART,1700111660000
u016,i018,PURCHASED,1700111720000
u018,i065,VIEWED,1700111780000
u014,i063,VIEWED,1700111900000
u014,i063,ADDED_TO_CART,1700111960000
u016,i022,VIEWED,1700112020000
u016,i022,ADDED_TO_CART,1700112080000
u016,i022,PURCHASED,1700112140000
u025,i029,VIEWED,1700112200000
u025,i029,ADDED_TO_CART,1700112260000
u025,i029,PURCHASED,1700112320000
u018,i037,VIEWED,1700112380000
u018,i037,ADDED_TO_CART,1700112440000
u018,i037,PURCHASED,1700112500000
u024,i064,VIEWED,1700112560000
u024,i064,ADDED_TO_CART,1700112620000
u024,i064,PURCHASED,1700112680000
u004,i035,VIEWED,1700112740000
u027,i047,VIEWED,1700112860000
u027,i047,ADDED_TO_CART,1700112920000
u025,i057,VIEWED,1700112980000
u025,i057,ADDED_TO_CART,1700113040000
u004,i032,VIEWED,1700113100000
u004,i032,ADDED_TO_CART,1700113160000
u015,i034,VIEWED,1700113220000
u015,i034,ADDED_TO_CART,1700113280000
u015,i016,VIEWED,1700113340000
u008,i027,VIEWED,1700113460000
u019,i045,VIEWED,1700113580000
